in_0,in_1,out_2,out_3,out_4,out_5
3.447411578889518,1.5579754426081673,0.0,5.005387021497685,0.0,0.0
2.1685785941408726,2.465447373174767,0.0,4.634025967315639,0.0,0.0
2.8242799368681437,4.140703845572054,0.0,6.964983782440198,0.0,0.0
1.798695128633439,3.0569377536544464,0.0,4.855632882287885,0.0,0.0
3.36965827544817,1.185801650879991,0.0,4.555459926328161,0.0,0.0
3.4301794076057535,1.6820964947491661,0.0,5.11227590235492,0.0,0.0
1.260206371941118,4.7955421490133325,0.0,6.055748520954451,0.0,0.0
4.862528132298237,4.233589392465845,0.0,6.712561733742758,0.0,2.383555791021327
2.2184550766934827,1.3906884560255355,0.0,3.609143532719018,0.0,0.0
3.7369321060486276,2.760609974958405,0.0,6.497542081007033,0.0,0.0
1.4881529393791153,2.9807076404450807,0.0,4.468860579824196,0.0,0.0
1.1375540844608736,4.637281608315128,0.0,5.774835692776001,0.0,0.0
2.0351199264000677,3.650089137415928,0.0,5.685209063815996,0.0,0.0
2.246844304357644,3.0802720847112433,0.0,5.3271163890688875,0.0,0.0
3.1868411173731186,1.7394178221021082,0.0,4.926258939475227,0.0,0.0
4.878338511058234,4.100531293444458,0.0,6.745418688880833,0.0,2.2334511156218637
4.757995766256757,4.579309401710596,0.0,6.644972431751036,0.0,2.6923327362163176
3.3915999152443406,4.687496940092467,0.0,6.997566870178418,0.0,1.0815299851583902
1.353970008207678,1.7839314496765808,0.0,3.137901457884259,0.0,0.0
1.1809091556421523,2.3013213230530574,0.0,3.4822304786952096,0.0,0.0
2.554709158757928,2.0853961270955836,0.0,4.640105285853512,0.0,0.0
4.314950036607717,2.427013306774357,0.0,6.741963343382075,0.0,0.0
2.123738038749523,3.170784332632994,0.0,5.2945223713825165,0.0,0.0
1.5636968998990506,4.208787923016159,0.0,5.772484822915209,0.0,0.0
1.2982025747190833,4.947547746402069,0.0,6.245750321121152,0.0,0.0
4.08897907718663,1.7948627261366896,0.0,5.883841803323319,0.0,0.0
1.0220884684944096,4.261845713819337,0.0,5.283934182313747,0.0,0.0
3.8274293753904685,3.9160286721639492,0.0,7.091624726700637,0.0,0.6518333208537866
4.0850813867437825,1.2961786069363614,0.0,5.381259993680144,0.0,0.0
2.4338629141770904,1.4634762381005189,0.0,3.8973391522776093,0.0,0.0
4.4524137035023745,3.4931925073102317,0.0,7.034975666773407,0.0,0.9106305440392015
2.3235920994105967,1.2542334011440945,0.0,3.5778255005546913,0.0,0.0
2.243929286862649,2.300733288106988,0.0,4.544662574969637,0.0,0.0
3.9184247133522563,3.5502298854208525,0.0,7.16863436550868,0.0,0.300020233264428
4.548850970305306,2.888859700647797,0.0,7.177305947744233,0.0,0.2604047232088716
1.4783769837532068,3.85297914889198,0.0,5.331356132645187,0.0,0.0
4.04314019446759,3.245108790277985,0.0,7.219190394688137,0.0,0.0690585900574402
4.083868719818244,2.975182385457563,0.0,7.059051105275807,0.0,0.0
3.0909313175279762,2.7101640734341985,0.0,5.801095390962175,0.0,0.0
1.1016765069763808,1.4315657079732178,0.0,2.5332422149495986,0.0,0.0
1.125716742746937,3.5456416450551216,0.0,4.671358387802059,0.0,0.0
2.2574239243053067,3.034282764658811,0.0,5.291706688964117,0.0,0.0
4.6302658957043725,1.9971689165954998,0.0,6.627434812299873,0.0,0.0
2.641531692142519,4.022204554172195,0.0,6.663736246314714,0.0,0.0
1.9151926619664899,1.307919639315172,0.0,3.223112301281662,0.0,0.0
2.159005811655072,1.6448851490160177,0.0,3.80389096067109,0.0,0.0
4.718790609370292,4.232481518257668,0.0,6.753152533333985,0.0,2.198119594293978
3.533615026041694,4.485842360750871,0.0,7.0142799571198795,0.0,1.0051774296726896
4.214688307596457,1.7462802355441434,0.0,5.9609685431406,0.0,0.0
4.570235993959911,3.157368967662603,0.0,7.096067321679059,0.0,0.6315376399434608
4.229760620656251,4.584365199693973,0.0,6.791585775835683,0.0,2.022540044514542
2.2720138998874555,1.440207698110707,0.0,3.7122215979981625,0.0,0.0
1.9117406501677667,2.7084311545050253,0.0,4.6201718046727915,0.0,0.0
4.272059063689973,4.442922333025374,0.0,6.819369547428846,0.0,1.8956118492865017
1.0278085221247628,3.042989210310263,0.0,4.070797732435025,0.0,0.0
2.669644012595116,1.888431241882921,0.0,4.558075254478037,0.0,0.0
1.4794614693347312,2.350460685614512,0.0,3.829922154949243,0.0,0.0
4.771638815650077,2.292811728083021,0.0,7.0644505437330976,0.0,0.0
3.0751624869734644,3.8120758355807114,0.0,6.887238322554175,0.0,0.0
2.454518409517176,4.887128330883843,0.0,7.20422645630082,0.0,0.13742028410020213
4.849789179768445,2.0071291833014566,0.0,6.8569183630699015,0.0,0.0
2.988994023569542,2.2035132392670786,0.0,5.192507262836621,0.0,0.0
2.1393619775098704,1.1475477894181312,0.0,3.2869097669280016,0.0,0.0
3.4382573359195874,3.010716092915446,0.0,6.448973428835034,0.0,0.0
1.2059150049999574,2.1145858569464457,0.0,3.320500861946403,0.0,0.0
4.633063543866615,1.9582475626678897,0.0,6.591311106534505,0.0,0.0
1.5795794883648924,2.957811041110252,0.0,4.537390529475145,0.0,0.0
4.942601816442403,1.9682210860460017,0.0,6.910822902488405,0.0,0.0
3.688542189623514,4.04647846131487,0.0,7.093989183437853,0.0,0.6410314675005351
1.9505501759695987,3.9128653944474383,0.0,5.863415570417037,0.0,0.0
2.471132530877013,3.529223322374318,0.0,6.000355853251331,0.0,0.0
3.534118843043579,3.143098736299034,0.0,6.677217579342613,0.0,0.0
1.3611590802176332,4.341209982356952,0.0,5.7023690625745855,0.0,0.0
2.2831202598869433,1.746074041599417,0.0,4.02919430148636,0.0,0.0
1.1631005662190557,3.3635717727529673,0.0,4.526672338972023,0.0,0.0
3.7102574473691297,1.0663513157114246,0.0,4.776608763080555,0.0,0.0
3.048372233197124,1.9059831007917518,0.0,4.954355333988875,0.0,0.0
3.5806911616377994,1.6974657160199658,0.0,5.278156877657765,0.0,0.0
3.763750952409864,2.5469413852021496,0.0,6.310692337612013,0.0,0.0
4.746919954946938,1.550083776583973,0.0,6.297003731530911,0.0,0.0
2.364265404201034,1.4538940849623563,0.0,3.8181594891633903,0.0,0.0
4.698774473114251,4.509357413523924,0.0,6.681171350588936,0.0,2.526960536049239
2.0317665108606224,3.639936184136716,0.0,5.671702694997339,0.0,0.0
4.268888800804863,3.2208032463978493,0.0,7.162738928925946,0.0,0.3269531182767692
3.118602313424026,1.9674091636018067,0.0,5.086011477025833,0.0,0.0
1.3724110712235968,4.5888630318133075,0.0,5.961274103036905,0.0,0.0
4.601672228653322,3.5324058290930718,0.0,6.982159194046364,0.0,1.151918863700031
2.3561191641948027,2.3968382984506436,0.0,4.752957462645446,0.0,0.0
3.9038227154809575,4.588441039810308,0.0,6.881782902131307,0.0,1.6104808531599641
4.548345697060469,4.1195021834304955,0.0,6.832578024528714,0.0,1.8352698559622533
3.568126584617151,1.3365598599801953,0.0,4.904686444597346,0.0,0.0
1.646514856378455,4.5942167541083165,0.0,6.240731610486772,0.0,0.0
3.4257162386383597,1.0367882064665186,0.0,4.462504445104878,0.0,0.0
1.4058861714641284,3.6540070764322232,0.0,5.059893247896351,0.0,0.0
1.0202463353848747,1.6432322056699946,0.0,2.6634785410548694,0.0,0.0
3.1949351574663445,3.767580790770773,0.0,6.962515948237117,0.0,0.0
3.607845038010402,1.8970772378422391,0.0,5.504922275852641,0.0,0.0
3.8487168853901434,1.9489963499872003,0.0,5.797713235377344,0.0,0.0
2.301598792637071,3.9859656204720966,0.0,6.287564413109168,0.0,0.0
3.5985315961888587,4.396893641976712,0.0,7.021014614540497,0.0,0.9744106236250752
3.6304515692013735,3.2732344133418865,0.0,6.90368598254326,0.0,0.0
1.37469907131237,2.470863212237734,0.0,3.845562283550104,0.0,0.0
2.060809470726902,1.9759585735163343,0.0,4.036768044243236,0.0,0.0
4.892042219009783,2.5723908986670416,0.0,7.169817373712912,0.0,0.2946157439639133
4.568186220708453,3.5245545039890516,0.0,6.993743375764242,0.0,1.0989973489332694
4.179245214166594,3.0105483724207684,0.0,7.189793586587362,0.0,0.0
3.3076155385054364,2.9700707752754556,0.0,6.277686313780892,0.0,0.0
1.780971951192178,3.8898084610460213,0.0,5.6707804122382,0.0,0.0
2.123089449763423,1.0972638657258154,0.0,3.2203533154892385,0.0,0.0
3.5818891836286713,1.7084427176281958,0.0,5.290331901256867,0.0,0.0
4.761834337411657,4.8157143080103495,0.0,6.577647718372005,0.0,2.999900927050002
4.659457560881794,2.4806348010217776,0.0,7.140092361903571,0.0,0.0
1.0618264661154697,4.713274250350901,0.0,5.775100716466371,0.0,0.0
2.7127365932692573,4.866619276174678,0.0,7.137611956918982,0.0,0.4417439125249603
4.854479908357011,4.41203782186944,0.0,6.664809573667372,0.0,2.6017081565590794
2.1777955682783428,2.540390914407701,0.0,4.718186482686043,0.0,0.0
4.404546686067428,2.2676880206251107,0.0,6.672234706692539,0.0,0.0
1.67797098674437,3.2272050498334006,0.0,4.905176036577771,0.0,0.0
4.744619096643124,3.784119186699892,0.0,6.87156145024118,0.0,1.657176833101838
3.28024468035746,1.3887059750830741,0.0,4.6689506554405344,0.0,0.0
3.460028906796679,4.960215400417053,0.0,6.901965296887274,0.0,1.5182790103264598
1.5603360609460961,3.073318609454947,0.0,4.633654670401043,0.0,0.0
4.509492287711822,3.9630744710168178,0.0,6.887302696724927,0.0,1.5852640620037137
3.788062963981072,3.809936335948437,0.0,7.13238740877665,0.0,0.46561189115286106
2.4379646048790207,2.1743673770579734,0.0,4.612331981936994,0.0,0.0
4.2374446219140545,4.240453578716723,0.0,6.885808638273221,0.0,1.5920895623575577
4.468289274320415,4.652962210225885,0.0,6.705518309894811,0.0,2.415733174651491
3.045369595443751,3.0060651787487984,0.0,6.05143477419255,0.0,0.0
4.193180715867101,3.5998557231110606,0.0,7.077731109159962,0.0,0.7153053298182033
3.8078675090308134,4.183170677744404,0.0,7.022244021392928,0.0,0.9687941653822931
4.560021367270265,2.351980627406143,0.0,6.912001994676408,0.0,0.0
2.502331810559776,1.375927759363476,0.0,3.878259569923252,0.0,0.0
3.313120563984696,1.1437690951869683,0.0,4.456889659171664,0.0,0.0
2.8623920725298406,3.1705785388303065,0.0,6.032970611360147,0.0,0.0
2.1461650085131376,3.363333042276043,0.0,5.509498050789181,0.0,0.0
1.1220009997561977,1.1493927549968577,0.0,2.2713937547530554,0.0,0.0
4.290402242638633,2.4407625656450516,0.0,6.731164808283685,0.0,0.0
1.5082420506075391,3.0889730402192175,0.0,4.597215090826756,0.0,0.0
4.079974212394443,1.8632841099873727,0.0,5.943258322381816,0.0,0.0
3.491561903276001,1.341389859975072,0.0,4.832951763251073,0.0,0.0
1.2067268846744308,3.125418526272592,0.0,4.332145410947023,0.0,0.0
3.162540486440426,3.549719605992826,0.0,6.712260092433253,0.0,0.0
3.904365334890646,4.903408317850138,0.0,6.7933658777063854,0.0,2.014407775034404
3.0652013932047812,2.291825891764984,0.0,5.3570272849697655,0.0,0.0
4.180744779074814,2.083329005048297,0.0,6.264073784123111,0.0,0.0
2.7558856828225444,1.3138255253690638,0.0,4.069711208191608,0.0,0.0
1.10140297366183,4.8505936587117,0.0,5.951996632373531,0.0,0.0
4.343920482048823,3.783896824374792,0.0,6.98391367784259,0.0,1.143903628581029
2.6358117776570795,1.693177280283383,0.0,4.328989057940463,0.0,0.0
1.6257481706843442,2.0009715926583813,0.0,3.6267197633427255,0.0,0.0
3.196906658824482,3.8583836908002493,0.0,7.055290349624731,0.0,0.0
3.640789506870925,2.1197355877837714,0.0,5.760525094654696,0.0,0.0
4.819461122652776,3.951587666783074,0.0,6.8036574823821265,0.0,1.967391307053729
3.2174162100456027,3.446882984937409,0.0,6.664299194983012,0.0,0.0
2.6784002497111596,1.9909239580046298,0.0,4.669324207715789,0.0,0.0
2.4238907146050463,4.031384441857476,0.0,6.455275156462522,0.0,0.0
1.0575739545190235,1.464290562027665,0.0,2.5218645165466884,0.0,0.0
1.184010568087011,1.1629152092758805,0.0,2.3469257773628915,0.0,0.0
4.421842336044029,3.8146314375200947,0.0,6.953464295472186,0.0,1.2830094780919366
2.8966953163493008,1.391336642604006,0.0,4.288031958953306,0.0,0.0
2.9664635004673294,2.8938870831222627,0.0,5.860350583589592,0.0,0.0
1.6928074796400607,2.735406596951892,0.0,4.428214076591953,0.0,0.0
2.5940189375894938,3.463400392208866,0.0,6.05741932979836,0.0,0.0
3.540374603470575,1.181216039088178,0.0,4.721590642558754,0.0,0.0
2.498450458505885,3.5034396628569455,0.0,6.00189012136283,0.0,0.0
3.012545034320351,4.4259593647532895,0.0,7.177083517071891,0.0,0.26142088200175184
3.63477452647578,1.6517377083257188,0.0,5.286512234801499,0.0,0.0
1.2822749896017194,3.5696771128252625,0.0,4.851952102426981,0.0,0.0
1.1060452421664873,3.343102325093853,0.0,4.44914756726034,0.0,0.0
4.76092096569983,3.301896711503516,0.0,7.0021288712512195,0.0,1.0606888059521258
2.5526797048260876,3.5731528737694127,0.0,6.1258325785955,0.0,0.0
2.8330115619660665,3.1824671572637397,0.0,6.015478719229806,0.0,0.0
4.765859235106101,2.544410551203097,0.0,7.21301938780231,0.0,0.09725039850689295
4.844762255295657,4.621402567824255,0.0,6.6088614020524075,0.0,2.857303421067506
1.7831645391571858,1.2774452035006618,0.0,3.0606097426578476,0.0,0.0
1.4031120055097066,1.072887302606199,0.0,2.4759993081159055,0.0,0.0
1.3777718430237136,3.7320270936654274,0.0,5.109798936689141,0.0,0.0
1.284754593840916,2.275902521175045,0.0,3.560657115015961,0.0,0.0
4.379501243877819,1.0930877429433035,0.0,5.472588986821123,0.0,0.0
4.257873930355743,2.1274190990935997,0.0,6.385293029449342,0.0,0.0
1.472659310486625,3.7869486614566026,0.0,5.259607971943227,0.0,0.0
3.515771387119536,4.509888054108211,0.0,7.0125419222661,0.0,1.0131175189616501
3.940284175215543,4.213923721539395,0.0,6.976518101701319,0.0,1.1776897950536238
2.128138290285226,1.7097581751188913,0.0,3.837896465404117,0.0,0.0
4.002459006563433,4.2273389570690565,0.0,6.955335093360152,0.0,1.2744628702723382
4.962020568002693,2.650470707645706,0.0,7.128326244986036,0.0,0.484165030662363
2.4880723431711327,4.105651842967987,0.0,6.59372418613912,0.0,0.0
2.3632141610120714,4.723029302414259,0.0,7.086243463426331,0.0,0.0
4.433651007372047,2.7159761095000734,0.0,7.149627116872121,0.0,0.0
4.0034842711659895,4.018171496338729,0.0,7.013663893146315,0.0,1.0079918743584075
1.4124954753437304,4.610211626718266,0.0,6.022707102061997,0.0,0.0
3.0210094897914286,4.305829864430967,0.0,7.208376009249897,0.0,0.1184633449724959
2.280198404122447,4.582092913984802,0.0,6.862291318107249,0.0,0.0
2.5568067149366525,1.0433506059211934,0.0,3.600157320857846,0.0,0.0
4.621527905677055,1.3651467071445342,0.0,5.986674612821589,0.0,0.0
2.2772545503616595,4.80024786820322,0.0,7.07750241856488,0.0,0.0
4.802428587750224,3.2937515524931444,0.0,6.992779529968011,0.0,1.1034006102753595
3.527348848679197,2.793782087913279,0.0,6.321130936592477,0.0,0.0
2.172843086792258,2.314658181479664,0.0,4.487501268271922,0.0,0.0
3.6900738243081537,4.00949811775072,0.0,7.103923164540088,0.0,0.5956487775187889
4.166316174903394,4.158472571178216,0.0,6.928715318830607,0.0,1.3960734272510045
1.3648244121947615,2.977681218810326,0.0,4.342505631005087,0.0,0.0
1.2302350400665771,3.198115529294942,0.0,4.42835056936152,0.0,0.0
2.766122005493508,4.5508167310331995,0.0,7.211150512248685,0.0,0.10578822427802553
2.4036600502083147,1.4682680657104235,0.0,3.871928115918738,0.0,0.0
1.5719667282113434,4.046042526869889,0.0,5.618009255081232,0.0,0.0
3.4728722532650442,1.404490704491161,0.0,4.877362957756205,0.0,0.0
1.3364272244599897,3.80387652583648,0.0,5.14030375029647,0.0,0.0
1.291052025456774,4.287440237161425,0.0,5.578492262618199,0.0,0.0
3.824968908625985,1.325395122567599,0.0,5.150364031193584,0.0,0.0
1.3393508563407677,4.946558314004702,0.0,6.2859091703454695,0.0,0.0
2.4970831830244813,2.4825685882675637,0.0,4.979651771292045,0.0,0.0
4.25119826903001,4.788994309535434,0.0,6.72823388023952,0.0,2.3119586983259275
4.944004255291484,4.0135127410357665,0.0,6.751402500410204,0.0,2.2061144959170464
2.505038342123663,1.334002866794675,0.0,3.839041208918338,0.0,0.0
4.108587663709747,3.23361699894322,0.0,7.204070106767012,0.0,0.1381345558859614
2.696888036987905,4.625417540378944,0.0,7.209646533763436,0.0,0.112659043603413
1.4447899292246054,2.9705004171634366,0.0,4.415290346388042,0.0,0.0
1.0454145790696763,2.874642567976505,0.0,3.9200571470461814,0.0,0.0
1.2252131027273494,1.4752716650722877,0.0,2.700484767799637,0.0,0.0
1.4701049871084195,3.5968412084642543,0.0,5.066946195572674,0.0,0.0
3.984179517061693,3.3334750603886385,0.0,7.210949908321708,0.0,0.10670466912862848
4.848690193898168,2.4994823180948162,0.0,7.202397704458476,0.0,0.1457748075345141
2.142848345127443,4.474396512757841,0.0,6.617244857885284,0.0,0.0
1.8943833540778106,4.852890157762445,0.0,6.747273511840255,0.0,0.0
1.0486178987592654,4.879515306830556,0.0,5.9281332055898215,0.0,0.0
1.1726396478023045,4.564572454792284,0.0,5.737212102594588,0.0,0.0
3.1108044363451994,4.971859184477202,0.0,6.996567336428108,0.0,1.0860962843942938
1.2951862589415954,3.215417137605283,0.0,4.510603396546879,0.0,0.0
4.877210142476396,3.0923913766805953,0.0,7.028251333302035,0.0,0.9413501858549564
3.51759455254105,3.7829947559384687,0.0,7.2157321998301756,0.0,0.08485710864934765
2.818164259071093,3.5102323203362538,0.0,6.328396579407347,0.0,0.0
3.337257247692401,4.604632041963956,0.0,7.036017279449631,0.0,0.9058720102067283
1.1817855213658315,2.1238527583689213,0.0,3.3056382797347528,0.0,0.0
4.801645936306235,4.561055135563665,0.0,6.637855601902603,0.0,2.7248454699672986
2.8226270111428517,3.480530391206147,0.0,6.303157402348999,0.0,0.0
2.1095247319245307,1.7524846388950452,0.0,3.862009370819576,0.0,0.0
2.8547936197599286,2.4134089121042113,0.0,5.26820253186414,0.0,0.0
3.3346244474034883,1.3109385478599394,0.0,4.645562995263427,0.0,0.0
4.897579230664666,4.9448429779184115,0.0,6.503420784469637,0.0,3.3390014241134445
3.7926468560789806,3.1443854653764816,0.0,6.937032321455462,0.0,0.0
2.238110465145311,4.255180078827795,0.0,6.493290543973107,0.0,0.0
3.738924690215517,1.6504677573795652,0.0,5.389392447595082,0.0,0.0
4.64370873797537,4.290148971692676,0.0,6.758032668729274,0.0,2.1758250409387747
4.799199653167696,3.90287803355344,0.0,6.822985623028861,0.0,1.8790920636922765
3.4536607837431594,2.6729721451624755,0.0,6.126632928905635,0.0,0.0
4.730913933416053,4.464255558001634,0.0,6.6848038718634815,0.0,2.510365619554211
1.1808746804247576,1.105467897989008,0.0,2.2863425784137656,0.0,0.0
2.5058534675121984,4.242213323127332,0.0,6.74806679063953,0.0,0.0
4.949104517259778,1.6016675644141127,0.0,6.550772081673891,0.0,0.0
3.3765228614085405,2.523563426524086,0.0,5.900086287932627,0.0,0.0
4.879657591258413,4.368475692542835,0.0,6.669961545322638,0.0,2.5781717384786114
4.353314818844551,2.874772639179881,0.0,7.228087458024433,0.0,0.0
2.6592780093506607,2.093628287722825,0.0,4.752906297073485,0.0,0.0
1.2255019866037085,4.458889505020213,0.0,5.684391491623922,0.0,0.0
4.251604036520311,4.998870693144522,0.0,6.669305389437248,0.0,2.5811693402275875
4.9865473482956215,3.22172682241051,0.0,6.961366820859893,0.0,1.2469073498462424
4.075949660722042,4.7790629195297125,0.0,6.780127860638434,0.0,2.074884719613324
4.398589562709645,1.9893924069727906,0.0,6.387981969682436,0.0,0.0
2.802176541240374,1.51663766060598,0.0,4.3188142018463545,0.0,0.0
4.8162041090348895,3.42469853780352,0.0,6.952223168649752,0.0,1.288679478188664
1.9145712220138509,3.686802737623427,0.0,5.601373959637278,0.0,0.0
3.4725129618315833,2.432650872131362,0.0,5.905163833962945,0.0,0.0
1.454230368798516,3.6862927823711984,0.0,5.140523151169715,0.0,0.0
3.081230803615173,4.089273566942557,0.0,7.1705043705577305,0.0,0.0
3.0806540044479735,4.408726001274161,0.0,7.162826373977379,0.0,0.32655363174475865
3.207627355097942,3.243751886141545,0.0,6.451379241239487,0.0,0.0
4.5066144106333805,2.613931464849588,0.0,7.120545875482969,0.0,0.0
1.536060913802563,1.115130705253356,0.0,2.651191619055919,0.0,0.0
4.0205490226944764,3.4812382054138586,0.0,7.159349431752637,0.0,0.34243779635570054
3.8163190723968943,1.851856646035643,0.0,5.668175718432537,0.0,0.0
1.545485902347079,1.0581786626715277,0.0,2.6036645650186068,0.0,0.0
2.402350235226388,3.3596707474185323,0.0,5.76202098264492,0.0,0.0
2.5689761803989293,2.7498996880949163,0.0,5.318875868493846,0.0,0.0
4.616634777974994,2.3930218680932014,0.0,7.009656646068196,0.0,0.0
3.055957956639243,4.134612050964572,0.0,7.1905700076038155,0.0,0.0
2.5861711292850806,3.488346800911494,0.0,6.074517930196574,0.0,0.0
4.44945483498698,4.7980824946305685,0.0,6.6701285527478955,0.0,2.577408776869657
1.5882939237161517,4.706350500645978,0.0,6.294644424362129,0.0,0.0
2.9684651723181528,2.0329775531958334,0.0,5.001442725513986,0.0,0.0
2.8365430249530452,4.920130301141908,0.0,7.087921338582084,0.0,0.6687519875128735
2.9704723759714784,2.315006441150033,0.0,5.285478817121511,0.0,0.0
3.533603417266903,1.9605824751127723,0.0,5.494185892379676,0.0,0.0
1.3034533124346557,1.515518887642597,0.0,2.8189722000772526,0.0,0.0
1.5121833558310898,1.6076107740491774,0.0,3.119794129880267,0.0,0.0
1.5553086905976405,3.5634989792128584,0.0,5.118807669810499,0.0,0.0
1.7275203375965793,2.382669133295453,0.0,4.110189470892032,0.0,0.0
4.587153639624047,2.8958465610514894,0.0,7.16461422083477,0.0,0.3183859798407684
3.6702309540841087,1.6892794848065193,0.0,5.359510438890628,0.0,0.0
1.769156075234683,1.1634744650659155,0.0,2.9326305403005986,0.0,0.0
1.6757402522886582,2.1143613561278345,0.0,3.7901016084164927,0.0,0.0
1.7080419371069873,1.3548101350282225,0.0,3.0628520721352097,0.0,0.0
1.4825434844024032,2.843115072130903,0.0,4.325658556533306,0.0,0.0
1.82533487362317,2.457079444192302,0.0,4.282414317815472,0.0,0.0
3.0136690834194275,3.761579314517461,0.0,6.775248397936888,0.0,0.0
1.1572485593643957,4.197641595636171,0.0,5.354890155000566,0.0,0.0
3.511601557963631,1.3270361277954876,0.0,4.838637685759119,0.0,0.0
4.4943144964271085,4.683489602127253,0.0,6.689670268693998,0.0,2.4881338298603666
1.244311839419455,2.107510592588815,0.0,3.35182243200827,0.0,0.0
4.224805119172245,3.9930387615346334,0.0,6.958685049892594,0.0,1.2591588308142918
1.7380840774255093,1.8373972933468412,0.0,3.5754813707723505,0.0,0.0
2.481888411165528,2.9380919407640853,0.0,5.419980351929613,0.0,0.0
3.473019086121184,2.4756545582790896,0.0,5.948673644400273,0.0,0.0
2.8501388645325916,3.989883752535026,0.0,6.840022617067618,0.0,0.0
1.1467328115623916,2.009747777376083,0.0,3.1564805889384746,0.0,0.0
3.8533983435382098,4.580827350748797,0.0,6.898047218081046,0.0,1.5361784762059625
3.0467097684626645,3.1284539410612626,0.0,6.175163709523927,0.0,0.0
1.4286880453591042,2.7896494672938186,0.0,4.218337512652923,0.0,0.0
3.1304690658200927,1.9698820145389186,0.0,5.100351080359012,0.0,0.0
2.076972923797524,2.5091366524184906,0.0,4.586109576216014,0.0,0.0
1.0802847911109055,2.288316662332713,0.0,3.3686014534436186,0.0,0.0
1.8457920279861786,2.3099894087116586,0.0,4.155781436697837,0.0,0.0
1.4790485272770049,4.56210912295958,0.0,6.041157650236585,0.0,0.0
3.3743698142161946,3.7164092765779584,0.0,7.090779090794153,0.0,0.0
4.156684954429354,2.993768795716229,0.0,7.150453750145583,0.0,0.0
1.3476811523496948,3.148426167274191,0.0,4.496107319623886,0.0,0.0
3.3473644720835165,3.98175789673732,0.0,7.207736227870153,0.0,0.12138614095068943
2.7266381849187176,1.510321211182255,0.0,4.236959396100973,0.0,0.0
2.135103623194898,2.4523291855945404,0.0,4.587432808789439,0.0,0.0
3.583668965326405,3.2831132186756475,0.0,6.866782184002052,0.0,0.0
2.424386903591385,4.946060995171919,0.0,7.196155353799854,0.0,0.17429254496345195
3.4230992774275486,1.948907166943978,0.0,5.372006444371527,0.0,0.0
1.407129890481615,1.611436556737328,0.0,3.018566447218943,0.0,0.0
1.9838309135380325,1.6427254930382227,0.0,3.626556406576255,0.0,0.0
1.746268096205223,2.1403806747753884,0.0,3.8866487709806115,0.0,0.0
1.6934943811790193,4.587061698505701,0.0,6.28055607968472,0.0,0.0
1.3209349826465688,3.0980455582810187,0.0,4.4189805409275875,0.0,0.0
2.641587307958646,4.929514467634426,0.0,7.139925045742873,0.0,0.43117672985020095
1.4481556086722094,2.5914223961829665,0.0,4.039578004855176,0.0,0.0
4.877881733101475,4.462028503575921,0.0,6.644242399426767,0.0,2.6956678372506326
4.268288283797119,2.0316113081797593,0.0,6.299899591976878,0.0,0.0
1.6835503495602633,3.674572879697724,0.0,5.358123229257988,0.0,0.0
4.717503956510344,3.227051572055719,0.0,7.035270105073462,0.0,0.909285423492603
3.2864507578795994,2.1199163746411367,0.0,5.406367132520736,0.0,0.0
4.077971732767748,1.7481749942300935,0.0,5.826146726997841,0.0,0.0
2.2947169456169747,2.701745754465667,0.0,4.996462700082642,0.0,0.0
3.03044151473782,1.969638929660321,0.0,5.000080444398141,0.0,0.0
1.4593472989568141,3.4424801697665304,0.0,4.9018274687233445,0.0,0.0
2.154522212961023,3.324952885690449,0.0,5.479475098651472,0.0,0.0
1.6174508610968092,2.92456040741927,0.0,4.542011268516079,0.0,0.0
3.1303577302063434,1.2072941472897076,0.0,4.337651877496051,0.0,0.0
2.3464171127756823,1.537658707755897,0.0,3.8840758205315793,0.0,0.0
1.253499881891071,4.959840929559781,0.0,6.213340811450852,0.0,0.0
2.289415379898892,4.239497783418539,0.0,6.528913163317431,0.0,0.0
2.0185626190550554,3.726010888895717,0.0,5.744573507950772,0.0,0.0
4.040911439558746,3.382554962431377,0.0,7.181297695347068,0.0,0.24216870664305912
2.8863047542006335,2.647363656589074,0.0,5.533668410789708,0.0,0.0
2.395473066171981,4.718116576991303,0.0,7.113589643163284,0.0,0.0
4.3224776311509165,4.86010764266605,0.0,6.688330414402925,0.0,2.4942548594140463
1.497188893942179,3.923469900814577,0.0,5.420658794756756,0.0,0.0
4.753361827284151,1.7249322646626406,0.0,6.4782940919467915,0.0,0.0
1.26598506946711,3.964482597160236,0.0,5.230467666627346,0.0,0.0
3.2978924527196476,4.367315107033088,0.0,7.113553279012789,0.0,0.5516542807399473
1.559089506505158,4.181069247439561,0.0,5.740158753944719,0.0,0.0
1.8065092801909781,1.654623771462818,0.0,3.461133051653796,0.0,0.0
1.6570631917239718,4.258298880925528,0.0,5.9153620726495,0.0,0.0
3.6607888827848005,3.0922616990764773,0.0,6.753050581861277,0.0,0.0
2.43532193649401,4.508802163252433,0.0,6.944124099746443,0.0,0.0
2.5697804296905415,4.266397757886308,0.0,6.8361781875768495,0.0,0.0
2.7565396342808737,2.5077777176996303,0.0,5.2643173519805035,0.0,0.0
2.8507191426784257,2.2055114966565683,0.0,5.056230639334994,0.0,0.0
3.9904375207050045,3.0108815603699166,0.0,7.0013190810749215,0.0,0.0
1.9288507805872692,4.598298293098274,0.0,6.5271490736855435,0.0,0.0
2.5355648854928456,3.1742114444559544,0.0,5.7097763299488005,0.0,0.0
4.625888443858187,3.4969519836559684,0.0,6.985308375212323,0.0,1.1375320523018366
1.4675921628334563,4.7593284944539,0.0,6.226920657287357,0.0,0.0
3.5108322122856714,2.3396224586283445,0.0,5.850454670914016,0.0,0.0
1.557088290653549,4.1761007570811834,0.0,5.733189047734733,0.0,0.0
3.480291023714054,3.133844367905286,0.0,6.614135391619341,0.0,0.0
4.575570332203831,4.154388844898123,0.0,6.815172244000399,0.0,1.9147869331015566
1.6066995189310047,2.246888271182193,0.0,3.8535877901131976,0.0,0.0
1.993956559257863,3.975785170290708,0.0,5.969741729548571,0.0,0.0
1.1341297389431175,3.279558739485266,0.0,4.413688478428384,0.0,0.0
4.049834742962762,4.507062547046997,0.0,6.863670301341063,0.0,1.6932269886686986
2.36832699486363,4.285029218688051,0.0,6.653356213551682,0.0,0.0
1.442526947820829,4.385809166938072,0.0,5.828336114758901,0.0,0.0
1.5099546493279297,2.589149162241469,0.0,4.099103811569399,0.0,0.0
4.1891814631182145,1.5996697093950951,0.0,5.78885117251331,0.0,0.0
1.917005580930566,3.889010273572265,0.0,5.8060158545028315,0.0,0.0
3.8801461461842974,3.564590531541189,0.0,7.175337012324376,0.0,0.26939966540111454
3.7757937778684,3.1708977733903847,0.0,6.946691551258785,0.0,0.0
2.007196235627811,2.3827839740156778,0.0,4.389980209643489,0.0,0.0
1.7263908672057027,4.633802245334513,0.0,6.360193112540216,0.0,0.0
3.333567179064482,2.6034056670545596,0.0,5.936972846119041,0.0,0.0
2.8480232145765307,4.789133358447261,0.0,7.121414156908555,0.0,0.5157424161152384
1.6134056124643208,3.344919328067189,0.0,4.95832494053151,0.0,0.0
3.023554715537864,3.4458169417385913,0.0,6.469371657276455,0.0,0.0
1.072440735283362,4.488495635776606,0.0,5.560936371059968,0.0,0.0
4.72847312993445,3.2605327343568358,0.0,7.022813549981899,0.0,0.9661923143093909
3.786603295507569,4.689997524709183,0.0,6.8861722101189295,0.0,1.590428610097826
3.8289545372535945,1.6101561716570454,0.0,5.43911070891064,0.0,0.0
3.3051534406672527,3.4268601855314236,0.0,6.732013626198676,0.0,0.0
2.696522685209544,3.9457769424988913,0.0,6.642299627708436,0.0,0.0
4.737468059076059,4.702274051627105,0.0,6.616265979937315,0.0,2.823476130765852
2.8033574856165284,1.452952183363021,0.0,4.256309668979549,0.0,0.0
4.939364795849338,4.355592345783736,0.0,6.6568398454487125,0.0,2.638117296184366
1.4986507248130674,4.683367530469489,0.0,6.182018255282557,0.0,0.0
4.479585448248513,3.0753522285042885,0.0,7.14445479753044,0.0,0.4104828792223629
3.365101742979717,2.596010815480521,0.0,5.961112558460238,0.0,0.0
1.2190465552881253,2.3407889665836037,0.0,3.559835521871729,0.0,0.0
4.211413794392046,1.0185280920184114,0.0,5.229941886410457,0.0,0.0
2.3339966867645767,2.5926747743637732,0.0,4.92667146112835,0.0,0.0
3.1495824117516915,4.679422465651042,0.0,7.0676514814702465,0.0,0.7613533959324876
2.385383977463845,2.3878128075849108,0.0,4.773196785048755,0.0,0.0
3.9500049924389935,2.8088717635592286,0.0,6.758876755998222,0.0,0.0
1.8984192917599279,2.8097580645307736,0.0,4.708177356290701,0.0,0.0
1.5634280815191994,1.7055479460248932,0.0,3.2689760275440927,0.0,0.0
2.993471090957919,2.6757017980181916,0.0,5.66917288897611,0.0,0.0
4.6593836042724,2.4495755964665324,0.0,7.108959200738933,0.0,0.0
3.322353401112174,3.5290571516781215,0.0,6.851410552790295,0.0,0.0
1.0523778263533345,3.6541494880668424,0.0,4.7065273144201765,0.0,0.0
1.7121438674790057,4.84428126987782,0.0,6.556425137356825,0.0,0.0
1.5946509110124518,2.658496494908095,0.0,4.253147405920547,0.0,0.0
1.3413986723145754,4.987497007383789,0.0,6.328895679698364,0.0,0.0
3.0087800413249703,3.381540069280175,0.0,6.3903201106051455,0.0,0.0
1.26830590955371,3.999841881596711,0.0,5.268147791150421,0.0,0.0
1.839622372382343,4.592217157762855,0.0,6.431839530145198,0.0,0.0
1.8205585619280287,1.7627508826546663,0.0,3.583309444582695,0.0,0.0
1.1461986713923795,2.888267780439997,0.0,4.034466451832376,0.0,0.0
3.2593645330504657,1.2628345577134095,0.0,4.522199090763875,0.0,0.0
4.102110466780042,2.8131553389921105,0.0,6.915265805772153,0.0,0.0
3.09756107731032,2.7630509877529126,0.0,5.860612065063233,0.0,0.0
2.603052243501304,3.2385613252328715,0.0,5.841613568734175,0.0,0.0
1.62096098372285,1.7277125219810845,0.0,3.3486735057039345,0.0,0.0
4.447142484054069,4.784461848534531,0.0,6.674593541640031,0.0,2.5570107909485715
2.493237265119012,2.082978692574215,0.0,4.576215957693227,0.0,0.0
3.575998172956063,2.6349366843923856,0.0,6.210934857348448,0.0,0.0
1.1015454226413794,1.6246103894647614,0.0,2.726155812106141,0.0,0.0
3.86388891538959,3.6356957676406054,0.0,7.159966662728733,0.0,0.3396180203014648
1.108383970013934,1.8878886477317978,0.0,2.9962726177457317,0.0,0.0
1.9242991863522856,3.6875709743949137,0.0,5.611870160747199,0.0,0.0
1.0788421510174566,1.4164343279382954,0.0,2.495276478955752,0.0,0.0
4.199664341492758,1.7141786482173345,0.0,5.913842989710092,0.0,0.0
3.610984431407499,1.952731124186906,0.0,5.5637155555944044,0.0,0.0
1.3977655710373806,1.9726887639978163,0.0,3.370454335035197,0.0,0.0
3.8890677274226366,4.422785872425143,0.0,6.932340203976023,0.0,1.3795133958717594
4.320879458267966,2.5887341184738193,0.0,6.909613576741785,0.0,0.0
3.6723405462825847,1.8199371816632839,0.0,5.4922777279458685,0.0,0.0
2.172590921044053,4.5853432740844795,0.0,6.7579341951285326,0.0,0.0
1.0520076940429441,1.3420341234178723,0.0,2.3940418174608165,0.0,0.0
1.8315450205841093,1.1061288154952789,0.0,2.937673836079388,0.0,0.0
1.7257417403591893,3.3321662438787687,0.0,5.057907984237958,0.0,0.0
2.685698202369992,4.570686844307899,0.0,7.228119796311283,0.0,0.028265250366609283
4.269774246953764,2.367269406791504,0.0,6.637043653745268,0.0,0.0
2.03769373372517,2.5187696326690676,0.0,4.5564633663942375,0.0,0.0
3.361179770059231,2.072254563291505,0.0,5.433434333350736,0.0,0.0
3.496595631396536,2.6376466087649617,0.0,6.134242240161498,0.0,0.0
3.208188723407921,2.7445061165412667,0.0,5.952694839949188,0.0,0.0
2.1778630381676707,4.793813227848627,0.0,6.971676266016297,0.0,0.0
4.054423176639043,1.5604527030658102,0.0,5.614875879704853,0.0,0.0
4.473871903591651,2.9497247929980546,0.0,7.181261182195224,0.0,0.24233551439448214
4.578208907576366,4.199421023789261,0.0,6.801813213814159,0.0,1.9758167175514685
2.700854017876934,1.0898772332804696,0.0,3.7907312511574034,0.0,0.0
2.0747094375397843,3.1665368586434677,0.0,5.241246296183252,0.0,0.0
3.533912879304589,2.031550741732809,0.0,5.565463621037399,0.0,0.0
1.5574242962912965,4.339720947197197,0.0,5.8971452434884934,0.0,0.0
4.9376087228142085,3.1027607292107433,0.0,7.008419657340463,0.0,1.0319497946844889
1.686717143393214,2.089229306077476,0.0,3.77594644947069,0.0,0.0
1.073562706189867,4.657195226241996,0.0,5.730757932431862,0.0,0.0
1.4710043315605645,3.3060659020570142,0.0,4.777070233617579,0.0,0.0
2.096220882748824,3.2167120100631736,0.0,5.312932892811998,0.0,0.0
3.605681553407457,4.318967214828806,0.0,7.040848682888386,0.0,0.8838000853478798
1.8256850870424128,1.043983314633922,0.0,2.8696684016763347,0.0,0.0
1.547542520275229,4.60007456739242,0.0,6.1476170876676495,0.0,0.0
4.495560310250061,3.389652408681233,0.0,7.051900057703586,0.0,0.8333126612277111
3.4020674417346135,3.660146698185022,0.0,7.062214139919636,0.0,0.0
1.7014851144937984,4.657647783699839,0.0,6.3591328981936375,0.0,0.0
2.6750820995682925,2.53255411299799,0.0,5.207636212566282,0.0,0.0
3.07567082113135,1.1878638671002202,0.0,4.26353468823157,0.0,0.0
1.6651334750243176,3.9521344657054818,0.0,5.6172679407298,0.0,0.0
1.3311946717005059,3.412608437865553,0.0,4.743803109566059,0.0,0.0
1.9813964387252838,2.557182456167906,0.0,4.53857889489319,0.0,0.0
2.1547749470827995,2.4226908658597965,0.0,4.577465812942596,0.0,0.0
3.876183620736982,2.1884868624927,0.0,6.064670483229682,0.0,0.0
3.2656185611875888,2.9042016087963987,0.0,6.169820169983987,0.0,0.0
3.6546846614505926,4.747318957299032,0.0,6.907076982480961,0.0,1.4949266362686677
3.930288388841001,1.859761514363027,0.0,5.790049903204029,0.0,0.0
1.1247325402451387,2.0490561771993003,0.0,3.173788717444439,0.0,0.0
3.3803117228010193,1.2057032539370014,0.0,4.586014976738021,0.0,0.0
2.9854649888049454,3.387371395667557,0.0,6.372836384472502,0.0,0.0
2.3369755632678433,4.083648814983288,0.0,6.420624378251132,0.0,0.0
1.4263930125350872,1.300551126943235,0.0,2.7269441394783223,0.0,0.0
3.9127550248144134,2.981965264824794,0.0,6.894720289639207,0.0,0.0
3.753609585710944,2.739309354414985,0.0,6.492918940125929,0.0,0.0
1.9856081329564272,4.276409270696799,0.0,6.262017403653227,0.0,0.0
4.197663515875917,3.778785883417707,0.0,7.026332315261098,0.0,0.9501170840325293
2.088580548919851,3.3609226674763484,0.0,5.449503216396199,0.0,0.0
2.443895587760107,1.3663282933065366,0.0,3.810223881066644,0.0,0.0
4.669254301848971,1.5472745236758456,0.0,6.216528825524817,0.0,0.0
4.80094941528321,2.784023091831823,0.0,7.136037976533055,0.0,0.4489345305819805
1.7405317153544786,3.1676037895134326,0.0,4.908135504867911,0.0,0.0
4.491783343505633,3.9288995456382447,0.0,6.9018423907295166,0.0,1.5188404984143593
4.2262445914457984,3.6351334668428694,0.0,7.058579372011105,0.0,0.8027986862775678
3.76910625807141,4.396782606261278,0.0,6.973244681742145,0.0,1.192644182590543
1.9986720354367438,2.957699854572562,0.0,4.956371890009306,0.0,0.0
1.884837767278409,4.9506720319865885,0.0,6.835509799264997,0.0,0.0
4.776237358746453,1.1577072454740236,0.0,5.933944604220477,0.0,0.0
3.822300690062754,4.700993269662663,0.0,6.87308714213917,0.0,1.6502068175862519
1.7223013805093341,3.271780922210518,0.0,4.9940823027198515,0.0,0.0
4.661953190352167,1.1357839143431954,0.0,5.797737104695363,0.0,0.0
